f0,Gvv0,f1,Gvv1,f2,Gvv2
52.20417633410676,1.9188080087747328e-16,49.883990719257554,1.9456635359180936e-15,51.044083526682186,1.305251391845861e-14
59.16473317865433,1.8319381129546216e-16,56.84454756380512,2.1677844495385312e-15,60.324825986078906,1.664669290425156e-14
66.1252900232019,1.7762209244835045e-16,61.48491879350348,2.270580066901462e-15,70.76566125290026,2.1477906711799723e-14
73.08584686774947,1.6958063514997732e-16,73.08584686774947,2.7969202319211055e-15,80.04640371229704,2.7711238464845923e-14
80.04640371229704,1.6190323749413135e-16,80.04640371229704,3.0922527415486547e-15,90.48723897911833,3.61701325760127e-14
87.0069605568446,1.5697905739560418e-16,84.6867749419954,3.2892934156952724e-15,99.76798143851511,4.507373439916833e-14
93.96751740139212,1.4987216900472068e-16,96.28770301624132,4.083187557562971e-15,113.68909512761024,5.3008568527586095e-14
100.92807424593968,1.4089427938392993e-16,103.24825986078889,4.479615905516982e-15,127.61020881670538,6.16223747235256e-14
107.88863109048725,1.226114948061897e-16,110.20881670533646,4.5493325687770964e-15,142.6914153132251,7.388301350738105e-14
114.84918793503482,1.0670112884883328e-16,114.84918793503482,4.5493325687770964e-15,148.49187935034803,8.0432690376729e-14
121.80974477958239,9.285533069808538e-17,131.09048723897916,4.765060405599768e-15,167.05336426914158,9.136178740264412e-14
128.77030162412996,8.08061970109617e-17,138.05104408352673,4.765060405599768e-15,180.97447795823666,9.680894625777795e-14
135.73085846867752,7.032058823424118e-17,145.0116009280743,4.765060405599768e-15,198.37587006960558,1.0869693641542144e-13
142.6914153132251,6.119561757050504e-17,151.9721577726218,4.655947217847869e-15,216.93735498839908,1.1651944043702893e-13
148.49187935034803,5.3875129858927155e-17,158.93271461716938,4.479615905516982e-15,234.33874709976806,1.2346654512724903e-13
154.29234338747102,4.634426254866928e-17,163.5730858468678,4.343371344676813e-15,250.58004640371234,1.323519615671448e-13
161.2529002320186,4.033051825545565e-17,179.8143851508121,3.9285479564613434e-15,266.82134570765663,1.3082784905663353e-13
168.21345707656616,3.509713205697202e-17,186.77494199535965,3.750691417327952e-15,283.0626450116009,1.2783207514356408e-13
174.01392111368915,3.019112356689929e-17,191.41531322505801,3.60864420140798e-15,300.4640371229699,1.239441469580755e-13
179.8143851508121,2.6579529177553025e-17,200.6960556844548,3.263992571211356e-15,317.86542923433876,1.2204475353587488e-13
186.77494199535965,2.31305047866707e-17,207.65661252900236,3.0214444987888335e-15,332.9466357308585,1.1651944043702893e-13
192.57540603248265,2.0600762713772184e-17,213.45707656612535,2.8958137355265257e-15,350.34802784222745,1.0869693641542144e-13
198.37587006960558,1.7517041730670972e-17,228.53828306264506,2.5103352454063933e-15,365.42923433874716,1.0139959428043608e-13
204.17633410672852,1.560123410487559e-17,235.49883990719263,2.359957007111e-15,381.67053364269145,9.242612992732143e-14
209.9767981438515,1.3265890814924772e-17,241.29930394431562,2.1930386092870663e-15,397.91183294663574,8.48998208796824e-14
215.7772621809745,1.1544476538478602e-17,249.41995359628777,1.9759440716631396e-15,402.55220417633416,8.424678179398136e-14
220.41763341067292,1.0163475708816833e-17,256.38051044083534,1.871976831883383e-15,416.4733178654293,7.561447882417102e-14
225.05800464037122,9.051914489353345e-18,262.1809744779582,1.8010808109504842e-15,431.554524361949,6.999554872984434e-14
229.69837587006964,8.155842171084254e-18,279.5823665893272,1.5917612730439553e-15,448.95591647331787,6.380121860593041e-14
234.33874709976806,7.180204621186117e-18,286.54292343387476,1.5314776527491718e-15,466.35730858468685,6.380121860593041e-14
238.97911832946636,6.469417681238752e-18,292.34338747099775,1.4964089664286565e-15,482.59860788863114,6.234026034895474e-14
243.61948955916478,5.695517612626665e-18,300.4640371229699,1.353491083441119e-15,500,6.282349099294777e-14
248.2598607888632,5.131703661788801e-18,307.42459396751747,1.3022312972355486e-15,515.0812064965197,7.590697598189188e-14
258.7006960556845,4.5004179730804105e-18,313.22505800464035,1.243275582746543e-15,529.0023201856148,8.722557944577051e-14
265.66125290023206,4.26362177969297e-18,328.3062645011602,1.0736229273363795e-15,542.92343387471,1.0744522575935425e-13
274.9419953596288,3.886308060375427e-18,335.26682134570774,1.0171326582441646e-15,551.0440835266821,1.1385130897615416e-13
281.90255220417635,3.681824174538056e-18,341.0672853828306,9.861972398374172e-16,561.4849187935035,1.5208716180753354e-13
288.8631090487239,3.4082269352522086e-18,351.508120649652,8.450739248289212e-16,568.4454756380511,1.9396633423304597e-13
295.8236658932715,3.2040617094434425e-18,358.4686774941996,7.762591044814134e-16,577.7262180974478,2.473774799178475e-13
302.78422273781905,3.012126725405938e-18,374.7099767981439,6.063120185358274e-16,588.1670533642691,3.304567962735125e-13
309.7447795823666,3.012126725405938e-18,381.67053364269145,5.526557951179202e-16,597.447795823666,4.363540731086427e-13
314.38515081206504,3.012126725405938e-18,386.31090487238987,5.155533840210269e-16,602.0881670533643,4.787187996578965e-13
325.9860788863109,3.1549607725730353e-18,400.2320185614849,4.2177791571973796e-16,606.7285382830627,6.176528743202259e-13
332.9466357308585,3.1549607725730353e-18,407.19257540603246,3.9958544259951903e-16,610.2088167053364,7.263852252558938e-13
339.90719257540604,3.1549607725730353e-18,412.99303944315545,3.8149507315603525e-16,614.8491879350348,9.930746396104459e-13
346.8677494199536,3.1549607725730353e-18,430.39443155452443,3.2189404645784735e-16,620.6496519721578,1.3265890814924772e-12
353.8283062645012,3.1549607725730353e-18,437.354988399072,3.073209874790281e-16,627.6102088167054,1.7927557609349762e-12
360.78886310904875,3.3045679627351252e-18,441.9953596287703,2.95682042599827e-16,634.570765661253,2.422734562800464e-12
367.7494199535963,3.3045679627351252e-18,451.27610208816714,2.8891133929643434e-16,639.2111368909513,3.125862129287654e-12
374.7099767981439,3.4612694760795138e-18,458.2366589327147,3.073209874790281e-16,643.8515081206497,3.5919641372585868e-12
381.67053364269145,3.515137522716985e-18,464.0371229698376,3.2438920875740674e-16,656.6125290023202,1.966810759529432e-12
388.631090487239,3.6254017230512106e-18,476.79814385150814,3.7564881699680083e-16,664.7331786542924,1.3576779999758389e-12
395.5916473317866,3.681824174538056e-18,483.7587006960557,3.965118800243466e-16,671.6937354988399,9.969161196286683e-13
401.3921113689096,3.797317066566606e-18,489.5591647331787,4.1853365134324592e-16,677.4941995359629,9.051914489353345e-13
409.5127610208817,3.9773845784742604e-18,500,4.735715970334106e-16,685.6148491879351,7.097520242642708e-13
416.4733178654293,4.1659908318870926e-18,506.96055684454757,5.276354954700513e-16,697.215777262181,5.211568825161181e-13
423.43387470997686,4.363540731086427e-18,511.600928074246,5.656074100554173e-16,716.9373549883991,4.732060645013014e-13
430.39443155452443,4.570458380779823e-18,523.2018561484919,6.9136103009054e-16,735.4988399071925,4.677568118085799e-13
437.354988399072,4.787187996578965e-18,530.1624129930394,7.643632507992378e-16,749.4199535962877,4.5178268012063795e-13
444.31554524361957,5.014194858652131e-18,534.8027842227378,8.385737190864091e-16,765.661252900232,5.1317036617888e-13
451.27610208816714,5.2926769372190025e-18,548.723897911833,1.0409693946835614e-15,780.7424593967518,5.761869002715559e-13
458.2366589327147,5.761869002715512e-18,554.524361948956,1.2724120303350274e-15,795.8236658932716,6.469417681238752e-13
465.19721577726216,6.32127710672074e-18,558.0046403712297,1.4286622765964904e-15,802.784222737819,6.621029963996733e-13
472.1577726218097,6.93499700203522e-18,566.1252900232018,1.9306977288832534e-15,814.385150812065,8.542589493342138e-13
479.1183294663573,7.608301709650423e-18,570.7656612529003,2.2970317705030797e-15,824.8259860788863,1.0522835875825643e-12
486.07888631090486,8.346976197405942e-18,577.7262180974478,3.1042144075142658e-15,835.2668213457076,1.3576779999758389e-12
493.03944315545243,9.157367083864238e-18,582.3665893271462,3.567088491101717e-15,848.0278422273783,1.7248600221683023e-12
500,1.0046437167833621e-17,591.647331786543,5.28859171417223e-15,852.6682134570766,1.7927557609349762e-12
506.96055684454757,1.1544476538478602e-17,596.2877030162414,6.077181586456795e-15,860.7888631090487,2.367257345572913e-12
513.9211136890951,1.3265890814924772e-17,600.9280742459397,7.064713713004013e-15,866.5893271461717,3.054284278774206e-12
520.8816705336427,1.5243987765659025e-17,603.248259860789,8.308394367040958e-15,875.8700696055686,3.940700605708599e-12
527.8422273781903,1.7517041730670972e-17,610.2088167053364,1.2461589490844304e-14,885.1508120649652,5.0843732431037665e-12
534.8027842227378,2.012903419440673e-17,611.3689095127611,1.3830728955554434e-14,894.431554524362,6.6620565767386e-12
544.0835266821346,2.5376198297109472e-17,613.6890951276102,1.589304977178145e-14,900.232018561485,6.484421354942863e-12
549.8839907192576,2.882428553674995e-17,619.4895591647332,2.3563152847382908e-14,908.3526682134572,4.854189205972807e-12
554.524361948956,3.3122318147058706e-17,621.8097447795824,2.7392126872347004e-14,915.3132250580046,3.5097132056972023e-12
559.1647331786543,3.940700605708567e-17,627.6102088167054,3.8326662823001834e-14,919.9535962877031,3.054284278774206e-12
563.8051044083527,4.634426254866928e-17,631.0904872389791,4.6130047672077166e-14,925.7540603248261,2.286414309998032e-12
568.4454756380511,5.4502761972544377e-17,638.0510440835267,6.999554872984434e-14,932.7146171693736,1.691882589644936e-12
573.0858468677494,6.484421354942863e-17,643.8515081206497,8.622112439050868e-14,940.8352668213457,1.218564225162486e-12
577.7262180974478,7.625946648023263e-17,649.6519721577727,7.679127372555562e-14,950.1160092807426,8.878851808646838e-13
582.3665893271462,9.072907409904699e-17,653.1322505800464,6.682665116519646e-14,962.877030162413,6.776195315271151e-13
587.0069605568445,1.0425782292730912e-16,655.4524361948957,5.951793946163969e-14,972.1577726218098,5.375047342083923e-13
591.647331786543,1.2548492322523279e-16,658.9327146171694,4.9449851296097194e-14,981.4385150812064,4.2145236082901523e-13
596.2877030162414,1.4757543923599032e-16,663.5730858468678,4.108488659595069e-14,991.879350348028,3.22889799974092e-13
599.7679814385151,1.6958063514997732e-16,670.5336426914154,2.970551062635854e-14,1000.0000000000001,2.591080377116617e-13
602.0881670533643,1.9040487711850268e-16,676.3341067285384,2.5850851275189513e-14,1015.0812064965197,2.177851026569547e-13
604.4083526682135,2.187964349933281e-16,683.2946635730859,2.1812169296213393e-14,1030.1624129930397,1.851849266245825e-13
606.7285382830627,2.456643017171567e-16,693.7354988399072,1.5529121263831994e-14,1044.0835266821346,1.5385894012285808e-13
609.0487238979118,2.8229567558496e-16,699.5359628770302,1.3514024696464703e-14,1051.0440835266822,1.3862804755041079e-13
611.3689095127611,3.2438920875740674e-16,706.4965197215778,1.260676396692722e-14,1066.125290023202,1.2204475353587488e-13
613.6890951276102,3.727593720314938e-16,713.4570765661252,1.2036019907371765e-14,1081.2064965197214,1.0744522575935425e-13
616.0092807424594,4.486539222430439e-16,732.0185614849189,1.039363042736258e-14,1096.2877030162413,9.386456605945562e-14
618.3294663573087,5.155533840210269e-16,738.9791183294664,9.92308121749438e-15,1100.9280742459396,9.030970142284966e-14
620.6496519721578,5.9242832525945295e-16,745.939675174014,9.547271559098908e-15,1116.0092807424594,8.424678179398136e-14
622.969837587007,7.130479116513662e-16,752.9002320185615,9.62127725233884e-15,1131.0904872389792,7.679127372555562e-14
625.2900232018562,8.193715592256537e-16,759.8607888631092,9.92308121749438e-15,1149.6519721577724,6.999554872984434e-14
628.77030162413,9.861972398374172e-16,765.661252900232,1.0116497559311859e-14,1167.0533642691416,6.682665116519646e-14
632.2505800464038,1.1869889611278192e-15,778.4222737819026,1.0970879594349655e-14,1183.294663573086,6.380121860593041e-14
634.570765661253,1.3327493854748177e-15,785.3828306264501,1.1402726796676337e-14,1200.6960556844547,6.234026034895474e-14
636.8909512761021,1.5314776527491718e-15,792.3433874709978,1.1943440307622873e-14,1219.2575406032483,6.380121860593041e-14
639.2111368909513,1.7195407602026426e-15,803.9443155452437,1.2509794273360043e-14,1234.3387470997682,6.380121860593041e-14
643.8515081206497,1.9456635359180936e-15,810.9048723897912,1.4712033423563917e-14,1250.5800464037125,6.380121860593041e-14
649.6519721577727,1.7803402812000523e-15,824.8259860788863,2.0035992718747527e-14,1266.8213457076567,6.682665116519646e-14
653.1322505800464,1.5314776527491718e-15,830.6264501160093,2.249638190225193e-14,1284.2227378190255,6.999554872984434e-14
655.4524361948957,1.3639826720907226e-15,842.2273781902553,3.005157257496674e-14,1299.3039443155453,7.416881289118768e-14
658.9327146171694,1.1598085817935369e-15,848.0278422273783,3.3872382202813216e-14,1316.705336426914,8.424678179398136e-14
662.4129930394432,9.861972398374172e-16,853.8283062645013,3.744903609835504e-14,1331.786542923434,9.136178740264412e-14
665.893271461717,8.385737190864091e-16,858.4686774941996,4.4554683214132386e-14,1349.1879350348026,1.0297768524141669e-13
669.3735498839908,7.297583525175949e-16,867.7494199535964,6.52964147537441e-14,1353.8283062645014,1.0620792930499442e-13
672.8538283062645,6.133754055699119e-16,873.5498839907192,7.920009225264707e-14,1364.2691415313225,1.2063933473056319e-13
677.4941995359629,5.337823202129077e-16,879.3503480278422,8.926973084644593e-14,1379.3503480278423,1.4352965795880777e-13
682.1345707656612,4.809418341823769e-16,883.9907192575407,1.0377591696001398e-13,1394.4315545243621,1.649315813357761e-13
686.7749419953597,4.2340946623038276e-16,892.1113689095129,1.391642981537274e-13,1400.232018561485,1.851849266245825e-13
691.4153132250581,3.8149507315603525e-16,899.0719257540603,1.5033578658608284e-13,1414.1531322505803,2.1279812982281203e-13
696.0556844547564,3.358589621739264e-16,904.8723897911833,1.2490490024364824e-13,1422.2737819025524,2.6518029382712657e-13
701.8561484918794,3.002837686921483e-16,908.3526682134572,1.1124427397665701e-13,1433.8747099767984,3.4612694760795136e-13
708.8167053364269,2.866890684493582e-16,916.4733178654293,7.859089478560643e-14,1444.3155452436195,4.363540731086427e-13
715.7772621809746,2.6951534747689006e-16,921.1136890951276,6.839274901687896e-14,1450.1160092807427,4.787187996578965e-13
722.7378190255221,2.5337039503625234e-16,925.7540603248261,5.748537172825036e-14,1466.357308584687,6.105402296585339e-13
729.6983758700695,2.4189959664472674e-16,932.7146171693736,4.108488659595069e-14,1477.958236658933,7.263852252558938e-13
736.6589327146172,2.274089284145105e-16,937.3549883990719,3.45326078031803e-14,1484.9187935034802,7.877316036182587e-13
743.6194895591647,2.1711347945370244e-16,944.3155452436196,2.5850851275189513e-14,1500,6.621029963996733e-13
749.4199535962877,2.0410759005698753e-16,950.1160092807426,2.1148766564949305e-14,1510.4408352668215,5.072609004946856e-13
757.5406032482598,2.1378630406973654e-16,955.9164733178656,1.847564451823838e-14,1520.8816705336426,3.7973170665666056e-13
764.5011600928075,2.2392397948080796e-16,960.5568445475639,1.684062281364749e-14,1525.522041763341,3.7103638414719306e-13
773.7819025522043,2.3454238008701035e-16,969.8375870069607,1.275362969022399e-14,1532.4825986078886,2.8757591817869955e-13
780.7424593967518,2.456643017171567e-16,974.477958236659,1.1491115054639827e-14,1541.7633410672856,2.1279812982281203e-13
787.7030162412992,2.5731362117067823e-16,977.9582366589328,1.0234352286756278e-14,1551.0440835266822,1.649315813357761e-13
794.6635730858469,2.653851348711034e-16,989.5591647331786,7.75061235139179e-15,1561.4849187935033,1.3862804755041079e-13
801.6241299303944,2.8229567558496e-16,995.3596287703016,6.8234501667762395e-15,1571.9257540603248,1.0869693641542144e-13
808.584686774942,3.2438920875740674e-16,1001.1600928074246,5.779692884153325e-15,1582.3665893271464,8.722557944577051e-14
815.5452436194895,3.727593720314938e-16,1008.1206496519723,5.309049410486453e-15,1592.8074245939674,6.839274901687896e-14
821.3457076566125,4.283420831709204e-16,1013.9211136890953,5.0491621260402675e-15,1600.9280742459396,5.883255456020538e-14
827.1461716937355,4.922128160461147e-16,1026.6821345707658,4.1148383935065616e-15,1614.849187935035,4.9449851296097194e-14
834.1067285382832,5.656074100554173e-16,1033.642691415313,3.750691417327952e-15,1628.7703016241298,4.2537565987494937e-14
841.0672853828306,6.499459824703673e-16,1038.2830626450118,3.5260113198152713e-15,1645.0116009280741,3.8326662823001834e-14
848.0278422273783,7.46860406386791e-16,1049.8839907192578,2.9295492587675853e-15,1651.9721577726218,3.8326662823001834e-14
853.8283062645013,8.783386058472559e-16,1056.844547563805,2.7540585718805733e-15,1669.3735498839906,4.0768866650316333e-14
858.4686774941996,1.0210672011543076e-15,1062.6450116009282,2.6395456359014022e-15,1684.4547563805104,5.0608719869196817e-14
863.1090487238979,1.2148063188672955e-15,1080.046403712297,2.270580066901462e-15,1699.5359628770302,6.429577387056874e-14
867.7494199535964,1.4453058434269318e-15,1087.0069605568447,2.134564038367401e-15,1712.2969837587007,7.331471436269734e-14
872.3897911832947,1.6997392132219413e-15,1091.647331786543,2.06964268213361e-15,1728.538283062645,6.999554872984434e-14
877.030162412993,1.9759440716631396e-15,1100.9280742459396,1.871976831883383e-15,1745.9396751740142,6.631262870054099e-14
881.6705336426913,2.2444329705901894e-15,1107.8886310904873,1.8010808109504842e-15,1752.9002320185618,6.234026034895474e-14
886.3109048723899,2.579103749747891e-15,1113.68909512761,1.739572990372722e-15,1757.5406032482601,6.09127559832254e-14
890.9512761020882,2.9636777926206137e-15,1131.0904872389792,1.604099813511233e-15,1770.3016241299306,5.552221721091293e-14
896.7517401392112,3.340484983513244e-15,1138.051044083527,1.567368181752956e-15,1786.5429234338749,4.9449851296097194e-14
902.5522041763342,2.9295492587675853e-15,1142.6914153132252,1.4964089664286565e-15,1800.4640371229698,4.4554683214132386e-14
907.1925754060325,2.4910260523306324e-15,1151.9721577726218,1.4508966754714562e-15,1817.865429234339,4.404160921595009e-14
911.832946635731,2.0937535142452316e-15,1158.9327146171695,1.4286622765964904e-15,1835.2668213457077,4.6130047672077166e-14
916.4733178654293,1.7598385911350473e-15,1164.7331786542923,1.4122103704571806e-15,1851.508120649652,4.5598832403825734e-14
921.1136890951276,1.462143303748772e-15,1182.1345707656615,1.353491083441119e-15,1867.7494199535963,5.0608719869196817e-14
924.5939675174014,1.2724120303350274e-15,1189.0951276102087,1.312325545557076e-15,1882.8306264501161,5.552221721091293e-14
926.9141531322506,1.1332505949539987e-15,1196.0556844547564,1.3022312972355486e-15,1888.631090487239,6.021130892989464e-14
930.3944315545244,9.748405849509243e-16,1203.016241299304,1.3022312972355486e-15,1900.232018561485,6.76051653409695e-14
935.0348027842227,8.006091018441471e-16,1209.9767981438517,1.3022312972355486e-15,1916.4733178654292,8.424678179398136e-14
939.675174013921,6.651776151963632e-16,1215.7772621809745,1.3022312972355486e-15,1929.2343387471,1.0139959428043608e-13
944.3155452436196,5.526557951179202e-16,1233.1786542923433,1.3022312972355486e-15,1937.3549883990722,1.1787686347935916e-13
948.9559164733179,4.699289419661054e-16,1240.139211136891,1.3022312972355486e-15,1951.2761020881671,1.4520174344291387e-13
954.7563805104409,4.0894981882229067e-16,1247.0997679814386,1.3022312972355486e-15,1966.357308584687,1.649315813357761e-13
961.7169373549885,3.3977163711055406e-16,1254.0603248259863,1.3022312972355486e-15,1981.4385150812068,1.9396633423304597e-13
967.5174013921113,2.9912666622934945e-16,1261.0208816705335,1.3327493854748177e-15,1988.399071925754,2.0316415326867706e-13
973.3178654292343,2.5731362117067823e-16,1265.6612529002318,1.3639826720907226e-15,,
979.1183294663573,2.2653263918889925e-16,1281.9025522041766,1.4286622765964904e-15,,
984.9187935034803,1.9486705895472958e-16,1288.8631090487238,1.4508966754714562e-15,,
990.7192575406033,1.6958063514997732e-16,1295.8236658932715,1.4964089664286565e-15,,
995.3596287703016,1.5103390340139134e-16,1302.7842227378192,1.5553121765251076e-15,,
1001.1600928074246,1.324541981005935e-16,1309.7447795823668,1.616533996197888e-15,,
1008.1206496519723,1.207325237338418e-16,1314.3851508120651,1.6416922594594006e-15,,
1015.0812064965197,1.075282228474758e-16,1330.6264501160094,1.857577814004663e-15,,
1022.0417633410674,9.953777476474644e-17,1337.5870069605567,1.9306977288832534e-15,,
1029.0023201856147,8.86515057884558e-17,1343.3874709976799,1.9759440716631396e-15,,
1035.9628770301624,8.08061970109617e-17,1351.508120649652,2.1181452316662422e-15,,
1042.92343387471,7.36551671322508e-17,1358.4686774941997,2.270580066901462e-15,,
1049.8839907192578,6.610812848651998e-17,1363.109048723898,2.4339850559513616e-15,,
1056.844547563805,6.214801044372064e-17,1377.030162412993,2.907015522540109e-15,,
1063.8051044083527,5.75297768512266e-17,1383.9907192575406,3.1162223444236424e-15,,
1070.7656612529004,5.408353336313199e-17,1389.7911832946638,3.3276128811741788e-15,,
1080.046403712297,4.9679482400495435e-17,1400.232018561485,3.8683445638007256e-15,,
1087.0069605568447,4.7065522454493953e-17,1407.1925754060326,4.1788779916999204e-15,,
1093.9675174013923,4.356807216934759e-17,1414.1531322505803,4.479615905516982e-15,,
1100.9280742459396,4.0958185720618716e-17,1421.1136890951275,5.309049410486453e-15,,
1107.8886310904873,3.9712469537799735e-17,1435.0348027842228,7.399720086804356e-15,,
1113.68909512761,3.850464099040295e-17,1440.8352668213456,8.212718204427768e-15,,
1121.8097447795826,3.676142638209866e-17,1451.2761020881671,1.0474196672943302e-14,,
1131.0904872389792,3.509713205697202e-17,1458.2366589327148,1.176041196368326e-14,,
1138.051044083527,3.350818506934689e-17,1462.8770301624131,1.231808678624533e-14,,
1145.0116009280741,3.248905573870455e-17,1476.798143851508,1.505681329112862e-14,,
1151.9721577726218,3.1991174230959695e-17,1483.7587006960557,1.6140394727796747e-14,,
1158.9327146171695,3.054284278774206e-17,1490.7192575406034,1.529114382395292e-14,,
1165.8932714617172,3.054284278774206e-17,1497.679814385151,1.4375148530505466e-14,,
1172.8538283062644,2.9843454604612254e-17,1503.4802784222738,1.305251391845861e-14,,
1179.814385150812,2.9160081428144014e-17,1508.1206496519721,1.1624983740403555e-14,,
1185.6148491879349,2.9160081428144014e-17,1518.5614849187937,7.93224972422277e-15,,
1193.7354988399075,2.783992160799265e-17,1525.522041763341,7.119475854484523e-15,,
1200.6960556844547,2.783992160799265e-17,1531.3225058004641,6.2196017266387e-15,,
1207.6566125290024,2.783992160799265e-17,1540.6032482598607,4.4969442656461915e-15,,
1214.61716937355,2.783992160799265e-17,1545.243619489559,3.959000103249501e-15,,
1221.5777262180973,2.783992160799265e-17,1549.8839907192578,3.5260113198152713e-15,,
1228.538283062645,2.783992160799265e-17,1554.524361948956,3.068467509940696e-15,,
1235.4988399071926,2.783992160799265e-17,1560.3248259860788,2.7540585718805733e-15,,
1242.4593967517403,2.783992160799265e-17,1567.2853828306265,2.4339850559513616e-15,,
1249.4199535962875,2.783992160799265e-17,1583.5266821345708,1.746302126951396e-15,,
1255.2204176334108,2.783992160799265e-17,1589.3271461716936,1.5314776527491718e-15,,
1263.341067285383,2.9160081428144014e-17,1602.0881670533645,1.1869889611278192e-15,,
1269.1415313225057,2.9160081428144014e-17,1609.0487238979117,1.0903318170430363e-15,,
1277.2621809744778,3.054284278774206e-17,1613.6890951276105,1.0571700945390691e-15,,
1284.2227378190255,3.054284278774206e-17,1627.6102088167054,9.12912685926123e-16,,
1291.1832946635732,3.1991174230959695e-17,1634.570765661253,8.851470491834189e-16,,
1298.1438515081209,3.2239153877486584e-17,1641.5313225058003,8.582258859545708e-16,,
1305.104408352668,3.350818506934689e-17,1653.1322505800463,8.450739248289212e-16,,
1312.0649651972158,3.509713205697202e-17,1660.092807424594,8.783386058472559e-16,,
1319.0255220417635,3.676142638209866e-17,1667.0533642691416,9.199891303082986e-16,,
1325.9860788863111,3.850464099040295e-17,1674.0139211136893,1.0171326582441646e-15,,
1334.1067285382833,4.033051825545565e-17,1679.814385150812,1.1332505949539987e-15,,
1342.2273781902554,4.224297801293675e-17,1697.2157772621808,1.462143303748772e-15,,
1349.1879350348026,4.458909990359287e-17,1704.1763341067285,1.6290645624747421e-15,,
1356.1484918793503,4.7798007392785245e-17,1711.1368909512762,1.7328697836021883e-15,,
1363.109048723898,5.2438618395607736e-17,1718.0974477958239,1.746302126951396e-15,,
1370.0696055684457,5.664815652131375e-17,1725.058004640371,1.7195407602026426e-15,,
1377.030162412993,6.214801044372064e-17,1743.6194895591648,1.604099813511233e-15,,
1386.31090487239,6.924295394480131e-17,1750.5800464037125,1.5433489046216599e-15,,
1393.2714617169372,7.596561104855137e-17,1757.5406032482601,1.3852104564919849e-15,,
1400.232018561485,8.269990871632143e-17,1764.5011600928074,1.3224980394632342e-15,,
1407.1925754060326,9.214109879944041e-17,1769.1415313225061,1.2724120303350274e-15,,
1414.1531322505803,1.0266011437921552e-16,1785.3828306264504,1.1598085817935369e-15,,
1421.1136890951275,1.226114948061897e-16,1792.3433874709976,1.0987835261499046e-15,,
1428.0742459396752,1.4089427938392993e-16,1799.3039443155453,1.0571700945390691e-15,,
1435.0348027842228,1.6190323749413135e-16,1806.264501160093,1.0490384708817395e-15,,
1441.9953596287705,1.86044872976374e-16,1813.2250580046407,1.0819451174536273e-15,,
1448.9559164733178,2.1378630406973654e-16,1834.1067285382833,1.0329623848370942e-15,,
1455.9164733178654,2.4189959664472674e-16,1841.067285382831,1.0819451174536273e-15,,
1462.8770301624131,2.6951534747689006e-16,1848.0278422273782,1.0694858681181979e-15,,
1469.8375870069608,2.95682042599827e-16,1854.9883990719259,1.0903318170430363e-15,,
1476.798143851508,3.2943770704591017e-16,1861.9489559164736,1.1420349890476396e-15,,
1483.7587006960557,3.5864212667227217e-16,1866.5893271461719,1.1869889611278192e-15,,
1490.7192575406034,3.3456477556511465e-16,1882.8306264501161,1.312325545557076e-15,,
1497.679814385151,3.002837686921483e-16,1889.7911832946638,1.406768610801756e-15,,
1504.6403712296983,2.5731362117067823e-16,1896.7517401392115,1.5196977131007626e-15,,
1510.4408352668215,2.2134536005961396e-16,1903.7122969837587,1.693189500467566e-15,,
1515.0812064965198,1.971372126305802e-16,1910.6728538283064,1.829111192806805e-15,,
1519.7215777262181,1.7355479611367523e-16,1926.9141531322507,2.32379162999562e-15,,
1524.3619489559164,1.5279341151335184e-16,1933.8747099767984,2.60914967895366e-15,,
1529.0023201856147,1.3608266848668957e-16,1940.835266821346,2.9295492587675853e-15,,
1533.642691415313,1.198038638603975e-16,1947.7958236658933,3.213973218365533e-15,,
1538.2830626450118,1.0547240111832906e-16,1954.756380510441,3.60864420140798e-15,,
1542.92343387471,9.3937072637628e-17,1961.7169373549887,3.8385897283847315e-15,,
1547.5638051044084,8.17475694838664e-17,1966.357308584687,3.959000103249501e-15,,
1552.2041763341067,7.280698354387845e-17,1980.2784222737819,4.62013423870714e-15,,
1556.844547563805,6.335937217379162e-17,1987.2389791183296,4.839219467161757e-15,,
1562.6450116009282,5.578004666282427e-17,1994.1995359628772,4.72840814110332e-15,,
1568.445475638051,4.9679482400495435e-17,2000,4.602331182853145e-15,,
1576.5661252900231,4.4246125975832106e-17,,,,
1583.5266821345708,3.850464099040295e-17,,,,
1590.4872389791185,3.350818506934689e-17,,,,
1597.4477958236657,2.9386115853546284e-17,,,,
1604.4083526682134,2.699318876899315e-17,,,,
1611.368909512761,2.4987318424126705e-17,,,,
1618.3294663573088,2.3490486902830177e-17,,,,
1625.290023201856,2.1577644027668617e-17,,,,
1632.2505800464037,2.108354629886178e-17,,,,
1641.5313225058003,2.012903419440673e-17,,,,
1648.491879350348,1.9974204114082036e-17,,,,
1655.4524361948957,2.0442304155109214e-17,,,,
1662.4129930394433,2.141167141687391e-17,,,,
1669.3735498839906,2.2600848728456247e-17,,,,
1676.3341067285382,2.5376198297109472e-17,,,,
1683.294663573086,2.8273196799631975e-17,,,,
1690.2552204176336,3.1991174230959695e-17,,,,
1699.5359628770302,3.676142638209866e-17,,,,
1706.496519721578,3.940700605708567e-17,,,,
1713.4570765661251,4.0958185720618716e-17,,,,
1720.4176334106728,3.940700605708567e-17,,,,
1727.3781902552205,3.7914573095981565e-17,,,,
1734.3387470997682,3.676142638209866e-17,,,,
1741.2993039443159,3.509713205697202e-17,,,,
1748.259860788863,3.350818506934689e-17,,,,
1755.2204176334108,3.150092255394172e-17,,,,
1762.1809744779584,3.0074786198462634e-17,,,,
1769.1415313225061,2.8273196799631975e-17,,,,
1776.1020881670534,2.699318876899315e-17,,,,
1785.3828306264504,2.4987318424126705e-17,,,,
1792.3433874709976,2.3856071452881207e-17,,,,
1798.1438515081209,2.2864143099980318e-17,,,,
1852.668213457077,2.2952587759977682e-17,,,,
1859.6287703016242,2.422734562800464e-17,,,,
1865.4292343387474,2.5376198297109472e-17,,,,
1873.5498839907195,2.699318876899315e-17,,,,
1880.5104408352668,2.849235653718751e-17,,,,
1887.4709976798144,3.0074786198462634e-17,,,,
1894.4315545243621,3.248905573870455e-17,,,,
1900.232018561485,3.429345704895201e-17,,,,
1908.352668213457,3.850464099040295e-17,,,,
1915.3132250580047,4.290040926047002e-17,,,,
1922.2737819025524,4.7798007392785245e-17,,,,
1929.2343387471,5.325472530691942e-17,,,,
1936.1948955916473,5.842511791723737e-17,,,,
1941.9953596287705,6.55996328108289e-17,,,,
1950.1160092807427,7.36551671322508e-17,,,,
1957.0765661252904,7.95678750502845e-17,,,,
1964.0371229698376,8.595522875740594e-17,,,,
1970.9976798143853,9.214109879944041e-17,,,,
1977.958236658933,9.877214231992455e-17,,,,
1984.9187935034806,1.0425782292730912e-16,,,,
1991.8793503480279,1.0266011437921552e-16,,,,
1998.8399071925755,9.877214231992455e-17,,,,
